Service,ARM Namespace,Spec Folder,.Net,Java,Python,JS,GO,tspconfig,SpecApiVersion,SdkFolder,SdkApiVersion,SdkPr,SwaggerCommit,SwaggerTag,SdkChangelog,Comment
Azure Storage Actions,Microsoft.StorageActions,storageactions,Done,AlreadyTypeSpec,,,Done,specification/storageactions/StorageAction.Management/tspconfig.yaml,1/1/2023,sdk/resourcemanager/storageactions/armstorageactions,1/1/2023,,2219e4e4e0409bcb88a2b82e8febe1a3baecaf18,,,SwaggerCommit recomputed (was empty)
Bing Search APIs,Microsoft.Bing,bing,,NO_SPEC,,,NoSpec,,,,,,,,,
Reservations RP,Microsoft.BillingBenefits,billingbenefits,,Done,,,ManualReview,specification/billingbenefits/BillingBenefits.Management/tspconfig.yaml,2025-12-01-preview,sdk/resourcemanager/billingbenefits/armbillingbenefits,11/1/2022,https://github.com/Azure/azure-sdk-for-go/pull/26310,2b47198df3bc98a27d7be9891d4c4887392ff710,package-preview-2024-11-01-preview,https://github.com/Azure/azure-sdk-for-go/blob/release-billingbenefits-armbillingbenefits-3.0.0-beta.1-1773913691/sdk/resourcemanager/billingbenefits/armbillingbenefits/CHANGELOG.md,Manual review: unclassified breaking changes not covered by migration accept list: RPClient.ValidatePurchase removed; SavingsPlanPurchaseValidateRequest removed.
Azure Device Provisioning Service,Microsoft.Devices,deviceprovisioningservices,Done,AlreadyTypeSpec,,,Done,specification/deviceprovisioningservices/resource-manager/Microsoft.Devices/DeviceProvisioningServices/tspconfig.yaml,2025-02-01-preview,sdk/resourcemanager/deviceprovisioningservices/armdeviceprovisioningservices,2025-02-01-preview,,549e13fda6874099890b133b993217f8cd325946,,,SwaggerCommit recomputed (was empty)
Azure DNS Public Zones,Microsoft.Network,dns,,Premium,,,AlreadyTypeSpec,specification/dns/resource-manager/Microsoft.Network/Dns/tspconfig.yaml,2023-07-01-preview,sdk/resourcemanager/dns/armdns,2023-07-01-preview,https://github.com/Azure/azure-sdk-for-go/pull/26258,549e13fda6874099890b133b993217f8cd325946,,,SwaggerCommit recomputed (was empty)
Azure Edge Hardware Center,Microsoft.EdgeOrder,edgeorder,Done,Done,,,Done,specification/edgeorder/resource-manager/Microsoft.EdgeOrder/EdgeOrder/tspconfig.yaml,2/1/2024,sdk/resourcemanager/edgeorder/armedgeorder,12/1/2021,https://github.com/Azure/azure-sdk-for-go/pull/26322,549e13fda6874099890b133b993217f8cd325946,package-2024-02,https://github.com/Azure/azure-sdk-for-go/blob/release-edgeorder-armedgeorder-2.0.0-1777521316/sdk/resourcemanager/edgeorder/armedgeorder/CHANGELOG.md,"All diff items are acceptable base/error struct removals (Resource, ProxyResource, TrackedResource, ErrorResponse, BasicInformation, CommonProperties)."
SRP,Microsoft.ElasticSan,elasticsan,Done,AlreadyTypeSpec,,,Done,specification/elasticsan/resource-manager/Microsoft.ElasticSan/ElasticSan/tspconfig.yaml,2024-07-01-preview,sdk/resourcemanager/elasticsan/armelasticsan,9/1/2025,,3db6867b8e524ea6d1bc7a3bbb989fe50dd2f184,,,SwaggerCommit recomputed (was empty)
Azure Automanage,Microsoft.GuestConfiguration,guestconfiguration,,Done,,,ManualReview,specification/guestconfiguration/resource-manager/Microsoft.GuestConfiguration/Assignments/tspconfig.yaml,4/5/2024,sdk/resourcemanager/guestconfiguration/armguestconfiguration,1/25/2022,https://github.com/Azure/azure-sdk-for-go/pull/26323,0e56f0e511c3a176e7156fe2ef7e52e27113010a,package-2024-04-05,https://github.com/Azure/azure-sdk-for-go/blob/release-guestconfiguration-armguestconfiguration-1.3.0-1777521407/sdk/resourcemanager/guestconfiguration/armguestconfiguration/CHANGELOG.md,Function parameter order changed for Assignments/AssignmentReports/HCRP* clients (resolvable via TypeSpec parameter order). Plus base struct removals (acceptable).
Azure Dedicated HSM,Microsoft.HardwareSecurityModules,hardwaresecuritymodules,Done,AlreadyTypeSpec,,,Done,specification/hardwaresecuritymodules/resource-manager/Microsoft.HardwareSecurityModules/HardwareSecurityModules/tspconfig.yaml,3/31/2025,sdk/resourcemanager/hardwaresecuritymodules/armhardwaresecuritymodules,3/31/2025,,f6f49d9fc5b62560791be47598ec00151c5ccbf6,,,SwaggerCommit recomputed (was empty)
Microsoft Diagnostics RP,Microsoft.Help,help,Done,Done,,,Done,specification/help/resource-manager/Microsoft.Help/Help/tspconfig.yaml,2024-03-01-preview,sdk/resourcemanager/selfhelp/armselfhelp,2024-03-01-preview,https://github.com/Azure/azure-sdk-for-go/pull/26269,67f3f22c59fff7046b0b69387eebdaa812a0b543,,,SwaggerCommit recomputed (was empty)
Kubernetes Connect Service,Microsoft.Kubernetes,hybridkubernetes,Done,Done,,,AlreadyTypeSpec,specification/hybridkubernetes/HybridKubernetes.Management/tspconfig.yaml,2024-12-01-preview,sdk/resourcemanager/hybridkubernetes/armhybridkubernetes,2024-12-01-preview,https://github.com/Azure/azure-sdk-for-go/pull/26265,549e13fda6874099890b133b993217f8cd325946,,,SwaggerCommit recomputed (was empty)
Planned Maintenance,Microsoft.Maintenance,maintenance,,Done,,,AlreadyTypeSpec,specification/maintenance/resource-manager/Microsoft.Maintenance/Maintenance/tspconfig.yaml,2023-10-01-preview,sdk/resourcemanager/maintenance/armmaintenance,2023-10-01-preview,https://github.com/Azure/azure-sdk-for-go/pull/26264,549e13fda6874099890b133b993217f8cd325946,,,SwaggerCommit recomputed (was empty)
Azure Notification Hubs,Microsoft.NotificationHubs,notificationhubs,,Done,,,AlreadyTypeSpec,specification/notificationhubs/resource-manager/Microsoft.NotificationHubs/NotificationHubs/tspconfig.yaml,2023-10-01-preview,sdk/resourcemanager/notificationhubs/armnotificationhubs,2023-10-01-preview,https://github.com/Azure/azure-sdk-for-go/pull/26260,549e13fda6874099890b133b993217f8cd325946,,,SwaggerCommit recomputed (was empty)
Azure DNS Private Zones,Microsoft.Network,privatedns,,Premium,,,AlreadyTypeSpec,specification/privatedns/resource-manager/Microsoft.Network/PrivateDns/tspconfig.yaml,6/1/2024,sdk/resourcemanager/privatedns/armprivatedns,6/1/2024,https://github.com/Azure/azure-sdk-for-go/pull/26267,549e13fda6874099890b133b993217f8cd325946,,,SwaggerCommit recomputed (was empty)
Azure Site Recovery,Microsoft.RecoveryServices,recoveryservices,,AlreadyTypeSpec,,,AlreadyTypeSpec,specification/recoveryservices/resource-manager/Microsoft.RecoveryServices/RecoveryServices/tspconfig.yaml,2/1/2025,sdk/resourcemanager/recoveryservices/armrecoveryservices,2/1/2025,https://github.com/Azure/azure-sdk-for-go/pull/26270,549e13fda6874099890b133b993217f8cd325946,,,SwaggerCommit recomputed (was empty)
SQL IaaS,Microsoft.SqlVirtualMachine,sqlvirtualmachine,Done,Done,,,ManualReview,specification/sqlvirtualmachine/resource-manager/Microsoft.SqlVirtualMachine/SqlVirtualMachine/tspconfig.yaml,10/1/2023,sdk/resourcemanager/sqlvirtualmachine/armsqlvirtualmachine,2022-08-01-preview,https://github.com/Azure/azure-sdk-for-go/pull/26312,549e13fda6874099890b133b993217f8cd325946,package-2023-10,https://github.com/Azure/azure-sdk-for-go/blob/release-sqlvirtualmachine-armsqlvirtualmachine-1.0.0-1777521473/sdk/resourcemanager/sqlvirtualmachine/armsqlvirtualmachine/CHANGELOG.md,Type of `Operation.Properties` changed from `map[string]any` to `map[string]*OperationProperty` (richer TypeSpec typing; verify acceptable or use @@alternateType).
Liftr-Confluent,Microsoft.Confluent,confluent,,AlreadyTypeSpec,,,Done,specification/confluent/Confluent.Management/tspconfig.yaml,7/1/2024,sdk/resourcemanager/confluent/armconfluent,2025-08-18-preview,https://github.com/Azure/azure-sdk-for-go/pull/26429,549e13fda6874099890b133b993217f8cd325946,,,SwaggerCommit recomputed (was empty)
Azure Bot Service,Microsoft.BotService,botservice,,Done,,,ManualReview,specification/botservice/resource-manager/Microsoft.BotService/BotService/tspconfig.yaml,2023-09-15-preview,sdk/resourcemanager/botservice/armbotservice,9/15/2022,https://github.com/Azure/azure-sdk-for-go/pull/26318,549e13fda6874099890b133b993217f8cd325946,package-preview-2023-09,https://github.com/Azure/azure-sdk-for-go/blob/release-botservice-armbotservice-2.0.0-beta.1-1773915194/sdk/resourcemanager/botservice/armbotservice/CHANGELOG.md,Type alias `EmailChannelAuthMethod` changed from float32 to int32 (resolvable via @@alternateType). Base struct removals are acceptable.
Fabric Platform MWC,Microsoft.PowerBIdedicated,powerbidedicated,Done,Done,,,AlreadyTypeSpec,specification/powerbidedicated/resource-manager/Microsoft.PowerBIdedicated/PowerBIDedicated/tspconfig.yaml,1/1/2021,sdk/resourcemanager/powerbidedicated/armpowerbidedicated,1/1/2021,https://github.com/Azure/azure-sdk-for-go/pull/26266,549e13fda6874099890b133b993217f8cd325946,,,SwaggerCommit recomputed (was empty)
Azure Advisor,Microsoft.Advisor,advisor,,Done,,,ManualReview,specification/advisor/resource-manager/Microsoft.Advisor/Advisor/tspconfig.yaml,2025-05-01-preview,sdk/resourcemanager/advisor/armadvisor,1/1/2020,https://github.com/Azure/azure-sdk-for-go/pull/26331,8ce8020456b3e303c7b7c480034e7971b4fedb88,package-2025-05-preview,https://github.com/Azure/azure-sdk-for-go/blob/release-advisor-armadvisor-2.0.0-beta.1-1777521605/sdk/resourcemanager/advisor/armadvisor/CHANGELOG.md,Type of `RecommendationsClientGenerateResponse.RetryAfter` changed from `*string` to `*int32` (resolvable via @@alternateType).
CDN Management Service,Microsoft.Cdn,cdn,,Premium,,,ManualReview,specification/cdn/resource-manager/Microsoft.Cdn/Cdn/tspconfig.yaml,6/1/2025,sdk/resourcemanager/cdn/armcdn,2/1/2024,https://github.com/Azure/azure-sdk-for-go/pull/26315,9dcf0e13ae13d5b5abbdcd7429272412975300a3,package-2025-06,https://github.com/Azure/azure-sdk-for-go/blob/release-cdn-armcdn-3.0.0-1777521689/sdk/resourcemanager/cdn/armcdn/CHANGELOG.md,"Significant renames: WebApplicationFirewallPolicy->WafPolicy, CustomRuleList->CustomRuleListAfd, ManagedRuleSetList->ManagedRuleSetListAfd, PolicySettings->PolicySettingsAfd; ProvisioningState type change; Location/Tags fields removed. Multiple @@clientName fixes needed."
Azure Confidential Computing Ledger,Microsoft.ConfidentialLedger,confidentialledger,,Done,,,Done,specification/confidentialledger/resource-manager/Microsoft.ConfidentialLedger/ConfidentialLedger/tspconfig.yaml,2025-06-10-preview,sdk/resourcemanager/confidentialledger/armconfidentialledger,2024-09-19-preview,https://github.com/Azure/azure-sdk-for-go/pull/26314,47e16c37d55bd8388b68d2703a52c4b15b8c9024,package-preview-2023-01,https://github.com/Azure/azure-sdk-for-go/blob/release-confidentialledger-armconfidentialledger-1.3.0-beta.4-1777521755/sdk/resourcemanager/confidentialledger/armconfidentialledger/CHANGELOG.md,No breaking-change diff vs swagger baseline.
DataBox Pod & Disk Service,microsoft.databox,databox,,Done,,,ManualReview,specification/databox/resource-manager/Microsoft.DataBox/DataBox/tspconfig.yaml,7/1/2025,sdk/resourcemanager/databox/armdatabox,2/1/2025,https://github.com/Azure/azure-sdk-for-go/pull/26329,be190c66354520d7b7028bf2be3150f311733a04,package-2025-07,https://github.com/Azure/azure-sdk-for-go/blob/release-databox-armdatabox-3.0.0-1773915432/sdk/resourcemanager/databox/armdatabox/CHANGELOG.md,Type of `Operation.Properties` changed from `any` to `*OperationProperties` (richer typing; verify or @@alternateType). Base struct removals are acceptable.
Liftr-Datadog,microsoft.datadog,datadog,,Done,,,Done,specification/datadog/Datadog.Management/tspconfig.yaml,6/11/2025,sdk/resourcemanager/datadog/armdatadog,1/1/2023,https://github.com/Azure/azure-sdk-for-go/pull/26313,549e13fda6874099890b133b993217f8cd325946,package-2023-10,https://github.com/Azure/azure-sdk-for-go/blob/release-datadog-armdatadog-1.4.0-1773915486/sdk/resourcemanager/datadog/armdatadog/CHANGELOG.md,
Backup (MAB),Microsoft.DataProtection,dataprotection,,AlreadyTypeSpec,,,AlreadyTypeSpec,specification/dataprotection/resource-manager/Microsoft.DataProtection/DataProtection/tspconfig.yaml,7/1/2025,sdk/resourcemanager/dataprotection/armdataprotection,7/1/2025,,8626bcfaf4b2a816117f76dadf6a9a4575f59796,,,SwaggerCommit recomputed (was empty)
DevCenter,Microsoft.DevCenter,devcenter,,Done,,,ManualReview,specification/devcenter/DevCenter.Management/tspconfig.yaml,2025-07-01-preview,sdk/resourcemanager/devcenter/armdevcenter,2/1/2024,https://github.com/Azure/azure-sdk-for-go/pull/26336,f9bf9d4cb5de4fb51a3150d53134f0afb676c642,package-preview-2023-10,https://github.com/Azure/azure-sdk-for-go/blob/release-devcenter-armdevcenter-3.0.0-beta.1-1777521893/sdk/resourcemanager/devcenter/armdevcenter/CHANGELOG.md,"Type renames (CustomerManagedKeyEncryptionKeyIdentity->KeyEncryptionKeyIdentity), float32->float64 type changes, IdentityType enum removed, ResourceID/Top fields removed. Multiple resolvable items."
Azure DNS Private Resolver,Microsoft.Network,dnsresolver,,AlreadyTypeSpec,,,Done,specification/dnsresolver/resource-manager/Microsoft.Network/DnsResolver/tspconfig.yaml,5/1/2025,sdk/resourcemanager/dnsresolver/armdnsresolver,2025-10-01-preview,,43ec634741a48376e9dbf4371e7520a9eb0a1cfa,,,SwaggerCommit recomputed (was empty)
Liftr-Elastic,Microsoft.Elastic,elastic,Done,Done,,,AlreadyTypeSpec,specification/elastic/Elastic.Management/tspconfig.yaml,6/1/2025,sdk/resourcemanager/elastic/armelastic,6/1/2025,https://github.com/Azure/azure-sdk-for-go/pull/26268,e2c2062c822c7344354f05dcfb1279e3a2df6338,,,SwaggerCommit recomputed (was empty)
Microsoft Health Agent - HealthBot,Microsoft.HealthBot,healthbot,Done,AlreadyTypeSpec,,,ManualReview,specification/healthbot/HealthBot.Management/tspconfig.yaml,5/25/2025,sdk/resourcemanager/healthbot/armhealthbot,11/1/2025,https://github.com/Azure/azure-sdk-for-go/pull/26430,5e6aa0371d93f218da51c8e8713c119d70285087,,,Manual review: unclassified enum value removal SKUNameS1 and LRO change BotsClient.Update; common type removals are acceptable. | SwaggerCommit recomputed (was empty)
Azure Key Vault,Microsoft.KeyVault,keyvault,Done,AlreadyTypeSpec,,,Done,specification/keyvault/resource-manager/Microsoft.KeyVault/KeyVault/tspconfig.yaml,5/1/2025,sdk/resourcemanager/keyvault/armkeyvault,5/1/2025,,4ae5cdc221660762336d5a899495b2b4941ea486,,,SwaggerCommit recomputed (was empty)
Managed Service Identity,microsoft.managedidentity,msi,,Premium,,,Done,specification/msi/resource-manager/Microsoft.ManagedIdentity/ManagedIdentity/tspconfig.yaml,11/30/2024,sdk/resourcemanager/msi/armmsi,11/30/2024,https://github.com/Azure/azure-sdk-for-go/pull/26272,0e38f0a383cabf58342a19c6351766da0153b4f4,,,SwaggerCommit recomputed (was empty)
Azure Database for MySQL - Flexible Server,microsoft.dbformysql,mysql,,Done,,,ManualReview,specification/mysql/resource-manager/Microsoft.DBforMySQL/FlexibleServers/tspconfig.yaml,2024-12-01-preview,sdk/resourcemanager/mysql/armmysqlflexibleservers,2024-10-01-preview,https://github.com/Azure/azure-sdk-for-go/pull/26319,8dbe725fc8ce4873c0848071151de4bdf7bc0af8,package-flexibleserver-2024-12-01-preview,https://github.com/Azure/azure-sdk-for-go/blob/release-mysql-armmysqlflexibleservers-2.0.0-beta.5-1774605091/sdk/resourcemanager/mysql/armmysqlflexibleservers/CHANGELOG.md,"Manual review: request-body optionality is acceptable, but unclassified type changes remain: UserAssignedIdentities map value, PercentComplete float32->float64."
Liftr-Nginx,nginx.nginxplus,nginx,,AlreadyTypeSpec,,,Done,specification/nginx/Nginx.Management/tspconfig.yaml,2025-03-01-preview,sdk/resourcemanager/nginx/armnginx,2025-03-01-preview,,549e13fda6874099890b133b993217f8cd325946,,,SwaggerCommit recomputed (was empty)
Azure Cosmos DB for PostgreSQL,microsoft.dbforpostgresql,postgresqlhsc,,Done,,,ManualReview,specification/postgresqlhsc/resource-manager/Microsoft.DBforPostgreSQL/PostgresqlHsc/tspconfig.yaml,2023-03-02-preview,sdk/resourcemanager/postgresqlhsc/armpostgresqlhsc,2020-10-05-privatepreview,https://github.com/Azure/azure-sdk-for-go/pull/26317,549e13fda6874099890b133b993217f8cd325946,package-preview-2023-03,https://github.com/Azure/azure-sdk-for-go/blob/release-postgresqlhsc-armpostgresqlhsc-0.7.0-1777521962/sdk/resourcemanager/postgresqlhsc/armpostgresqlhsc/CHANGELOG.md,"ServerGroupsClient*Options structs removed (need @@clientName for option struct names), Origin/OperationOrigin enum rename, ServerProperties removed, Operation.Properties field dropped. Multiple resolvable items."
QuotaManagement,Microsoft.Quota,quota,,AlreadyTypeSpec,,,Done,specification/quota/resource-manager/Microsoft.Quota/Quota/tspconfig.yaml,9/1/2025,sdk/resourcemanager/quota/armquota,9/1/2025,,fd22902dcca4de868ea11a4092724f5b65b18373,,,SwaggerCommit recomputed (was empty)
Backup (MAB),microsoft.recoveryservices,recoveryservicesbackup,,AlreadyTypeSpec,,,ManualReview,specification/recoveryservicesbackup/resource-manager/Microsoft.RecoveryServices/RecoveryServicesBackup/tspconfig.yaml,2/1/2025,sdk/resourcemanager/recoveryservices/armrecoveryservicesbackup,2026-01-01-preview,https://github.com/Azure/azure-sdk-for-go/pull/26432,5dff72b9a6e8b5d7ad03509cdd8da14e60aef854,,,Manual review: LRO change and many enum/model removals are not covered by migration accept list. | SwaggerCommit recomputed (was empty)
Redis Cache,microsoft.cache,redis,,Premium,,,AlreadyTypeSpec,specification/redis/resource-manager/Microsoft.Cache/Redis/tspconfig.yaml,11/1/2024,sdk/resourcemanager/redis/armredis,11/1/2024,https://github.com/Azure/azure-sdk-for-go/pull/26273,21f9b6302bb5b6f647e1b4d716c684e1af3119a8,,,SwaggerCommit recomputed (was empty)
Service Bus,microsoft.relay,relay,,Done,,,Done,specification/relay/resource-manager/Microsoft.Relay/Relay/tspconfig.yaml,1/1/2024,sdk/resourcemanager/relay/armrelay,11/1/2021,https://github.com/Azure/azure-sdk-for-go/pull/26316,549e13fda6874099890b133b993217f8cd325946,package-2024-01-01,,SwaggerCommit recomputed (was 706f864d76b3)
Service Bus,microsoft.servicebus,servicebus,,Premium,,,ManualReview,specification/servicebus/resource-manager/Microsoft.ServiceBus/ServiceBus/tspconfig.yaml,2025-05-01-preview,sdk/resourcemanager/servicebus/armservicebus,11/1/2021,https://github.com/Azure/azure-sdk-for-go/pull/26321,727a8f26a095fedfce1775a88a2c26b6be55a954,package-2025-05-preview,https://github.com/Azure/azure-sdk-for-go/blob/release-servicebus-armservicebus-2.0.0-beta.4-1777522031/sdk/resourcemanager/servicebus/armservicebus/CHANGELOG.md,FailoverProperties->NamespaceFailoverProperties rename (resolvable via @@clientName); SQLRuleAction removed; LRO upgrade and base struct removals are acceptable.
Azure SignalR Service,Microsoft.SignalRService,signalr,,Done,,,Done,specification/signalr/resource-manager/Microsoft.SignalRService/SignalRService/tspconfig.yaml,2025-01-01-preview,sdk/resourcemanager/signalr/armsignalr,2023-08-01-preview,https://github.com/Azure/azure-sdk-for-go/pull/26326,8600539fa5ba6c774b4454a401d9cd3cf01a36a7,package-2025-01-01-preview,,SwaggerCommit recomputed (was 1ce11a22b03b)
SRP,microsoft.storage,storage,,Premium,,,AlreadyTypeSpec,specification/storage/Storage.Management/tspconfig.yaml,6/1/2025,sdk/resourcemanager/storage/armstorage,6/1/2025,https://github.com/Azure/azure-sdk-for-go/pull/26261,7cdac2ce3863465e7b76b22a68699bac898e6802,,,SwaggerCommit recomputed (was empty)
Azure Storage Mover,Microsoft.StorageMover,storagemover,,AlreadyTypeSpec,,,AlreadyTypeSpec,specification/storagemover/StorageMover.Management/tspconfig.yaml,7/1/2024,sdk/resourcemanager/storagemover/armstoragemover,7/1/2025,,dee71463cbde1d416c47cf544e34f7966a94ddcb,,,SwaggerCommit recomputed (was empty)
Xsync,microsoft.storagesync,storagesync,,Done,,,ManualReview,specification/storagesync/resource-manager/Microsoft.StorageSync/StorageSync/tspconfig.yaml,9/1/2022,sdk/resourcemanager/storagesync/armstoragesync,9/1/2020,https://github.com/Azure/azure-sdk-for-go/pull/26337,549e13fda6874099890b133b993217f8cd325946,package-2022-09,https://github.com/Azure/azure-sdk-for-go/blob/release-storagesync-armstoragesync-2.0.0-1773915771/sdk/resourcemanager/storagesync/armstoragesync/CHANGELOG.md,ServerEndpoints/Services BeginUpdate parameter signature change (parameters moved out of options struct - resolvable). XMSCorrelationRequestID/XMSRequestID response-header fields removed (acceptable - TypeSpec doesn't surface response headers by default). Base struct removals acceptable.
Azure Support Case Mgmt,microsoft.support,support,,Done,,,AlreadyTypeSpec,specification/support/resource-manager/Microsoft.Support/Support/tspconfig.yaml,4/1/2024,sdk/resourcemanager/support/armsupport,4/1/2024,https://github.com/Azure/azure-sdk-for-go/pull/26259,96955c9cf1998abe8b24d44a79ea2c5cce9b9c46,,,SwaggerCommit recomputed (was empty)
Azure SignalR Service,Microsoft.SignalRService,webpubsub,,Done,,,ManualReview,specification/webpubsub/resource-manager/Microsoft.SignalRService/SignalRService/tspconfig.yaml,2025-01-01-preview,sdk/resourcemanager/webpubsub/armwebpubsub,3/1/2024,https://github.com/Azure/azure-sdk-for-go/pull/26320,8600539fa5ba6c774b4454a401d9cd3cf01a36a7,package-2025-01-01-preview,,Generator failed; Manual review: parameter order changes for Hubs/PrivateEndpointConnections/SharedPrivateLinkResources operations; consider TypeSpec client parameter customizations. | SwaggerCommit recomputed (was e89374a1f5e2)
Compute Recommender,,compute/Recommender,,AlreadyTypeSpec,,,Done,specification/compute/resource-manager/Microsoft.Compute/Recommender/tspconfig.yaml,6/5/2025,sdk/resourcemanager/compute/armrecommender,6/5/2025,,,,,
Liftr-Dynatrace,dynatrace.observability,dynatrace,,Done,,,Done,specification/dynatrace/Dynatrace.Management/tspconfig.yaml,4/24/2024,sdk/resourcemanager/dynatrace/armdynatrace,4/27/2023,https://github.com/Azure/azure-sdk-for-go/pull/26338,a0793fce3022a236e74f774aac1b2fb07974a1ab,package-2024-04-24,https://github.com/Azure/azure-sdk-for-go/blob/release-dynatrace-armdynatrace-2.2.0-1773915851/sdk/resourcemanager/dynatrace/armdynatrace/CHANGELOG.md,
Azure App Configuration,Microsoft.AppConfiguration,appconfiguration,,AlreadyTypeSpec,,,Done,specification/appconfiguration/resource-manager/Microsoft.AppConfiguration/AppConfiguration/tspconfig.yaml,2025-02-01-preview,sdk/resourcemanager/appconfiguration/armappconfiguration,2025-06-01-preview,,2d973fccf9f28681a481e9760fa12b2334216e21,,,SwaggerCommit recomputed (was empty)
CCM API - Consupmtion,microsoft.consumption,consumption,,Done,,,ManualReview,specification/consumption/resource-manager/Microsoft.Consumption/Consumption/tspconfig.yaml,8/1/2024,sdk/resourcemanager/consumption/armconsumption,10/1/2021,https://github.com/Azure/azure-sdk-for-go/pull/26332,606c9fe76accc0e2b3fe2750c7f3bcd8fea62f79,package-2024-08,https://github.com/Azure/azure-sdk-for-go/blob/release-consumption-armconsumption-2.0.0-1777522170/sdk/resourcemanager/consumption/armconsumption/CHANGELOG.md,"Beyond base struct removals: DownloadProperties, LegacyReservationTransaction, ReservationTransactionResource, HighCasedErrorDetails, HighCasedErrorResponse removed - verify whether these are intentionally dropped or need @@clientName/@@include."
CCM API - CostManagement,microsoft.costmanagement,cost-management,,Done,,,ManualReview,specification/cost-management/resource-manager/Microsoft.CostManagement/CostManagement/tspconfig.yaml,3/1/2025,sdk/resourcemanager/costmanagement/armcostmanagement,10/1/2022,https://github.com/Azure/azure-sdk-for-go/pull/26339,79839e98308d5f290b34d60dc54fb7b11bd54377,package-2025-03,,"Generator failed; Manual review: ETag changes are acceptable, but KpiType/PivotType renames, PriceSheetClient.BeginDownload removal, and response field removal need review."
Azure Stack Edge Service,microsoft.databoxedge,databoxedge,,Done,,,ManualReview,specification/databoxedge/resource-manager/Microsoft.DataBoxEdge/DataBoxEdge/tspconfig.yaml,12/1/2023,sdk/resourcemanager/databoxedge/armdataboxedge,3/1/2022,https://github.com/Azure/azure-sdk-for-go/pull/26340,f08909b11b193ea57272a544387e3a67f60a7c13,package-2023-12-01,https://github.com/Azure/azure-sdk-for-go/blob/release-databoxedge-armdataboxedge-1.3.0-1774605243/sdk/resourcemanager/databoxedge/armdataboxedge/CHANGELOG.md,Resolvable: multiple body parameter renames can use @@clientName on operation parameters; parameter order changes and removed models also need review.
Service Bus,Microsoft.EventHub,eventhub,,Premium,,,Done,specification/eventhub/resource-manager/Microsoft.EventHub/Eventhub/tspconfig.yaml,2025-05-01-preview,sdk/resourcemanager/eventhub/armeventhub,2024-05-01-preview,https://github.com/Azure/azure-sdk-for-go/pull/26324,7977092320778f47c240371124748e6967793459,package-2025-05-preview,https://github.com/Azure/azure-sdk-for-go/blob/release-eventhub-armeventhub-2.0.0-1773915971/sdk/resourcemanager/eventhub/armeventhub/CHANGELOG.md,"All diff items are acceptable: LRO upgrade for NamespacesClient.Update + base/error struct removals (Resource, TrackedResource, ErrorResponse, *AutoGenerated)."
Azure NetApp Files,Microsoft.NetApp,netapp,,AlreadyTypeSpec,,,Done,specification/netapp/resource-manager/Microsoft.NetApp/NetApp/tspconfig.yaml,6/1/2025,sdk/resourcemanager/netapp/armnetapp,12/1/2025,https://github.com/Azure/azure-sdk-for-go/pull/26431,c2c7ee70dea80830fe9ea94aed2cec6182c4e9e6,,,SwaggerCommit recomputed (was empty)
Network Cloud,Microsoft.NetworkCloud,networkcloud,,NO_SPEC,,,Done,specification/networkcloud/NetworkCloud.Management/tspconfig.yaml,9/1/2025,sdk/resourcemanager/networkcloud/armnetworkcloud,9/1/2025,https://github.com/Azure/azure-sdk-for-go/pull/26271,313ca227e879d1b5f6f59d9f68442a6c28fd3279,,,SwaggerCommit recomputed (was empty)
Liftr-Newrelic,NewRelic.Observability,newrelic,,Done,,,Done,specification/newrelic/NewRelicObservability.Management/tspconfig.yaml,2025-05-01-preview,sdk/resourcemanager/newrelic/armnewrelicobservability,2025-05-01-preview,,6267b64842af3d744c5b092a3f3beef49729ad6d,,,SwaggerCommit recomputed (was empty)
Liftr-PAN,PaloAltoNetworks.Cloudngfw,paloaltonetworks,,AlreadyTypeSpec,,,Done,specification/paloaltonetworks/PaloAltoNetworks.Management/tspconfig.yaml,10/8/2025,sdk/resourcemanager/paloaltonetworksngfw/armpanngfw,10/8/2025,,dbd27c2a6be4ecbd2a43833ab48e5046c3b8b03f,,,SwaggerCommit recomputed (was empty)
Azure Database for PostgreSQL - Flexible Server,microsoft.dbforpostgresql,postgresql,,AlreadyTypeSpec,,,Done,specification/postgresql/DBforPostgreSQL.Management/tspconfig.yaml,8/1/2025,sdk/resourcemanager/postgresql/armpostgresqlflexibleservers,2026-01-01-preview,,a7c8ea6a797b7cc8466273ea34dc9a428d22bae9,,,SwaggerCommit recomputed (was empty)
Arc Appliance,Microsoft.ResourceConnector,resourceconnector,,AlreadyTypeSpec,,,Done,specification/resourceconnector/resource-manager/Microsoft.ResourceConnector/ResourceConnector/tspconfig.yaml,10/27/2022,sdk/resourcemanager/resourceconnector/armresourceconnector,2025-03-01-preview,,3abb5423877b238acefaa8c528eb947f5a761026,,,SwaggerCommit recomputed (was empty)
WATM (offering: Traffic Manager),Microsoft.Network,trafficmanager,,Premium,,,AlreadyTypeSpec,specification/trafficmanager/resource-manager/Microsoft.Network/TrafficManager/tspconfig.yaml,4/1/2022,sdk/resourcemanager/trafficmanager/armtrafficmanager,4/1/2022,https://github.com/Azure/azure-sdk-for-go/pull/26263,f379bc6a2ef4bafab8ee2276382177528729df54,,,SwaggerCommit recomputed (was empty)
API Management,microsoft.apimanagement,apimanagement,,Done,,,ManualReview,specification/apimanagement/resource-manager/Microsoft.ApiManagement/ApiManagement/tspconfig.yaml,2025-03-01-preview,sdk/resourcemanager/apimanagement/armapimanagement,5/1/2024,https://github.com/Azure/azure-sdk-for-go/pull/26333,cae4dfe61e44bc4a40dc577d0948c1474c7b39c8,package-preview-2025-03-01-preview,https://github.com/Azure/azure-sdk-for-go/blob/release-apimanagement-armapimanagement-3.1.0-beta.1-1774605388/sdk/resourcemanager/apimanagement/armapimanagement/CHANGELOG.md,"Manual review: large set of unclassified APIM changes including parameter addition, enum/model removals, response ETag field removals, and type changes."
Microsoft Azure Attestation,Microsoft.Attestation,attestation,,Done,,,Done,specification/attestation/resource-manager/Microsoft.Attestation/Attestation/tspconfig.yaml,6/1/2021,sdk/resourcemanager/attestation/armattestation,10/1/2020,https://github.com/Azure/azure-sdk-for-go/pull/26325,a87c9dd7d3861dd74c3169fbf11ecdf322d3048c,package-2021-06-01-preview,https://github.com/Azure/azure-sdk-for-go/blob/release-attestation-armattestation-1.3.0-beta.1-1777522306/sdk/resourcemanager/attestation/armattestation/CHANGELOG.md,"All diff items are acceptable: pagination upgrade for OperationsClient.List + base struct removals (Resource, TrackedResource)."
Azure Batch,Microsoft.Batch,batch,,Done,,,Done,specification/batch/resource-manager/Microsoft.Batch/Batch/tspconfig.yaml,7/1/2024,sdk/resourcemanager/batch/armbatch,6/1/2025,,12457329527160696e47221e2078929834e9f60c,,,SwaggerCommit recomputed (was empty)
Azure Container Registry,Microsoft.ContainerRegistry,containerregistry,,AlreadyTypeSpec,,,AlreadyTypeSpec,specification/containerregistry/resource-manager/Microsoft.ContainerRegistry/Registry/tspconfig.yaml,11/1/2025,sdk/resourcemanager/containerregistry/armcontainerregistry,11/1/2025,,0a613c0b1581495ae5ced92a878c68a3db02b75b,,,SwaggerCommit recomputed (was empty)
Azure Monitor Grafana,Microsoft.Dashboard,dashboard,,AlreadyTypeSpec,,,Done,specification/dashboard/Dashboard.Management/tspconfig.yaml,2024-11-01-preview,sdk/resourcemanager/dashboard/armdashboard,8/1/2025,,2f3bbdf070cf2d4f40495ca90975f49b5ab9040f,,,SwaggerCommit recomputed (was empty)
AIOps Orchestration,Microsoft.HybridNetwork,hybridnetwork,,NO_SPEC,,,NoSpec,,,,,,,,,
Project Vienna Services,Microsoft.MachineLearningServices,machinelearningservices,,Done,,,ManualReview,specification/machinelearningservices/MachineLearningServices.Management/tspconfig.yaml,2025-10-01-preview,sdk/resourcemanager/machinelearning/armmachinelearning,4/1/2024,https://github.com/Azure/azure-sdk-for-go/pull/26335,fff4b6fede684e167e291b89e94788ef9de34a8e,package-preview-2025-10-01-preview,,"Generator: No input files (readme path issue); Manual review: body parameter renames may use @@clientName, but many type changes, pagination changes, model removals, and field removals need review. | SwaggerCommit recomputed (was 3abb5423877b)"
Groups RP,Microsoft.Management,management/Microsoft.Management/ManagementGroups,,Done,,,ManualReview,specification/management/resource-manager/Microsoft.Management/ManagementGroups/tspconfig.yaml,4/1/2023,sdk/resourcemanager/managementgroups/armmanagementgroups,4/1/2021,https://github.com/Azure/azure-sdk-for-go/pull/26327,3157961585db2c5e614a5f65c591f3d7727c8198,,,"No swagger tag or readme found; Manual review: Operation display common-type change is acceptable, but AzureAsyncOperationResults/OperationResults removals and delete response field removal need review."
Microsoft Azure Peering Service,Microsoft.Peering,peering,,Done,,,Done,specification/peering/resource-manager/Microsoft.Peering/Peering/tspconfig.yaml,5/1/2025,sdk/resourcemanager/peering/armpeering,1/1/2022,https://github.com/Azure/azure-sdk-for-go/pull/26328,661ae882e3b2a17c67ddae4e2bba36ddf3a3acc7,package-2025-05-01,https://github.com/Azure/azure-sdk-for-go/blob/release-peering-armpeering-1.3.0-1774605529/sdk/resourcemanager/peering/armpeering/CHANGELOG.md,
Resource Provider Service as a Service,Microsoft.ProviderHub,providerhub,,Done,,,AlreadyTypeSpec,specification/providerhub/ProviderHub.Management/tspconfig.yaml,9/1/2024,sdk/resourcemanager/providerhub/armproviderhub,9/1/2024,https://github.com/Azure/azure-sdk-for-go/pull/26262,0752d8ee3182a9b35ae1fa6a4b94962b7642b087,,,SwaggerCommit recomputed (was empty)
Redis Enterprise,Microsoft.Cache,redisenterprise,,Done,,,Done,specification/redisenterprise/resource-manager/Microsoft.Cache/RedisEnterprise/tspconfig.yaml,2025-08-01-preview,sdk/resourcemanager/redisenterprise/armredisenterprise,7/1/2025,https://github.com/Azure/azure-sdk-for-go/pull/26334,8a34a1be47eeb4ccc185d5961bb4b53a27ebb98c,package-preview-2025-08-01,https://github.com/Azure/azure-sdk-for-go/blob/release-redisenterprise-armredisenterprise-4.0.0-beta.1-1777522379/sdk/resourcemanager/redisenterprise/armredisenterprise/CHANGELOG.md,"All diff items are acceptable base/error struct removals (Resource, ProxyResource, TrackedResource, *AutoGenerated, ErrorDetailAutoGenerated, ErrorResponseAutoGenerated)."
Azure Policy,Microsoft.Authorization,resources/Microsoft.Authorization/policy,,AlreadyTypeSpec,,,Done,specification/resources/resource-manager/Microsoft.Authorization/policy/tspconfig.yaml,3/1/2025,sdk/resourcemanager/resources/armpolicy,4/1/2023,,,,,
App Service (Web Apps),microsoft.web,web,,AlreadyTypeSpec,,,Done,specification/web/resource-manager/Microsoft.Web/AppService/tspconfig.yaml,3/1/2025,sdk/resourcemanager/appservice/armappservice,5/1/2025,,db95cec32fb393bac8a7625d7783834ea5020ec6,,,SwaggerCommit recomputed (was empty)
App Service (Web Apps),microsoft.web,web/certificationregistration,,AlreadyTypeSpec,,,Done,specification/certificateregistration/resource-manager/Microsoft.CertificateRegistration/CertificateRegistration/tspconfig.yaml,11/1/2024,sdk/resourcemanager/certificateregistration/armcertificateregistration,11/1/2024,,,,,
App Service (Web Apps),microsoft.web,web/domainregistration,,AlreadyTypeSpec,,,Done,specification/domainregistration/resource-manager/Microsoft.DomainRegistration/DomainRegistration/tspconfig.yaml,11/1/2024,sdk/resourcemanager/domainregistration/armdomainregistration,11/1/2024,,,,,
Azure Alerts Management,Microsoft.AlertsManagement,alertsmanagement,,Done,,,Done,specification/alertsmanagement/resource-manager/Microsoft.AlertsManagement/AlertsManagement/tspconfig.yaml,,,,,44a12ed5a9045bb04ad3759bd96c32fe970a935c,,,SwaggerCommit recomputed (was empty)
Azure Stack HCI,Microsoft.AzureStackHCI,azurestackhci,,AlreadyTypeSpec,,,Done,,,,,,,,,
Usage (Usage V3),Microsoft.Commerce,commerce,,Done,,,Done,specification/commerce/resource-manager/Microsoft.Commerce/Commerce/tspconfig.yaml,,,,,1a4833df7c0f60206f6dc1c66dfab2a26ae8367a,,,SwaggerCommit recomputed (was empty)
Azure Kubernetes Service,microsoft.containerservice,containerservice,,Premium,,,Done,specification/containerservice/resource-manager/Microsoft.ContainerService/aks/tspconfig.yaml,,,,,afb3092801a3e457f8a0e95267140a6b2c5a446f,,,SwaggerCommit recomputed (was empty)
Cluster Configuration,Microsoft.KubernetesConfiguration,kubernetesconfiguration,,,,,Done,specification/kubernetesconfiguration/resource-manager/Microsoft.KubernetesConfiguration/extensions/tspconfig.yaml,,,,,13c4950c894012daedabaeb149f9628961b114af,,,SwaggerCommit recomputed (was empty)
Azure Maps,Microsoft.Maps,maps,,,,,Done,specification/maps/resource-manager/Microsoft.Maps/Maps/tspconfig.yaml,,,,,320ddd253d1d03ec996aeca7b704eb7afdcc61e5,,,SwaggerCommit recomputed (was empty)
CPX-Marketplace-PrivateMarketplace,Microsoft.Marketplace,marketplace,,,,,Done,specification/marketplace/resource-manager/Microsoft.Marketplace/Marketplace/tspconfig.yaml,,,,,63a8b0ad8a5a0974cc3be0c7a69033f6470b74b9,,,SwaggerCommit recomputed (was empty)
Network Cloud,Microsoft.NetworkCloud,networkcloud,,NO_SPEC,,,Done,specification/networkcloud/NetworkCloud.Management/tspconfig.yaml,9/1/2025,sdk/resourcemanager/networkcloud/armnetworkcloud,9/1/2025,https://github.com/Azure/azure-sdk-for-go/pull/26271,313ca227e879d1b5f6f59d9f68442a6c28fd3279,,,SwaggerCommit recomputed (was empty)
Purview,Microsoft.Purview,purview,,,,,Done,specification/purview/resource-manager/Microsoft.Purview/Purview/tspconfig.yaml,,,,,9f5b8470836fef41309ad108f95f2976317468f0,,,SwaggerCommit recomputed (was empty)
Azure Site Recovery,Microsoft.RecoveryServices,recoveryservicessiterecovery,,,,,Done,specification/recoveryservicessiterecovery/resource-manager/Microsoft.RecoveryServices/SiteRecovery/tspconfig.yaml,,,,,de8103ff8e94ea51c56bb22094ded5d2dfc45a6a,,,SwaggerCommit recomputed (was empty)
Azure Search,Microsoft.Search,search,,Premium,,,Done,,,,,,,,,
Azure Frontdoor,Microsoft.Network,frontdoor,,,,,Done,specification/frontdoor/FrontDoor.Management/tspconfig.yaml,,,,,03253947022beee13bf4782c4ebef93a0afa237b,,,SwaggerCommit recomputed (was empty)
NFV Resource Provider,Microsoft.NetworkFunction,networkfunction,,Done,,,Done,specification/networkfunction/NetworkFunction.Management/tspconfig.yaml,,,,,de8103ff8e94ea51c56bb22094ded5d2dfc45a6a,,,SwaggerCommit recomputed (was empty)
Sevice Fabric,Microsoft.ServiceFabric,servicefabric,,,,,ManualReview,specification/servicefabric/resource-manager/Microsoft.ServiceFabric/ServiceFabric/tspconfig.yaml,2023-11-01-preview,sdk/resourcemanager/servicefabric/armservicefabric,6/1/2021,https://github.com/Azure/azure-sdk-for-go/pull/26330,de8103ff8e94ea51c56bb22094ded5d2dfc45a6a,package-2023-11-preview,https://github.com/Azure/azure-sdk-for-go/blob/release-servicefabric-armservicefabric-2.1.0-beta.1-1774605597/sdk/resourcemanager/servicefabric/armservicefabric/CHANGELOG.md,"Manual review: multiple model/type changes, operation/client removals, and response field removals beyond accepted common-type changes."
IC3 ACS Resource Provider,Microsoft.Communication,communication,,,,,Done,,,,,,,,,
Azure Cosmos DB,Microsoft.DocumentDB,cosmos-db,,,,,ManualReview,specification/cosmos-db/resource-manager/Microsoft.DocumentDB/DocumentDB/tspconfig.yaml,,sdk/resourcemanager/cosmos/armcosmos,,,aa6a1024c3bffff7def3b2d51807065973dfc97c,,,SwaggerCommit recomputed (was empty)
Azure Data Factory,Microsoft.DataFactory,datafactory,,,,,ManualReview,specification/datafactory/resource-manager/Microsoft.DataFactory/DataFactory/tspconfig.yaml,,sdk/resourcemanager/datafactory/armdatafactory,,,de8103ff8e94ea51c56bb22094ded5d2dfc45a6a,,,SwaggerCommit recomputed (was empty)
Azure Event Grid,Microsoft.EventGrid,eventgrid,,,,,Done,,,,,,,,,
Network,Microsoft.Network,network,,,,,NoSpec,,,,,,,,,
Microsoft Azure Sentinel,Microsoft.SecurityInsights,securityinsights,,,,,ManualReview,specification/securityinsights/resource-manager/Microsoft.SecurityInsights/SecurityInsights/tspconfig.yaml,2025-07-01-preview,sdk/resourcemanager/securityinsights/armsecurityinsights,2022-09-01-preview,https://github.com/Azure/azure-sdk-for-go/pull/26362,de8103ff8e94ea51c56bb22094ded5d2dfc45a6a,package-2025-09-01,https://github.com/Azure/azure-sdk-for-go/blob/release-securityinsights-armsecurityinsights-2.0.0-1774605672/sdk/resourcemanager/securityinsights/armsecurityinsights/CHANGELOG.md,Manual review: many string->enum/type renames may need @@alternateType/@@clientName; operation/client removals and field removals also need review.
Billing,Microsoft.Billing,billing,,,,,Done,specification/billing/resource-manager/Microsoft.Billing/Billing/tspconfig.yaml,4/1/2024,sdk/resourcemanager/billing/armbilling,4/1/2024,https://github.com/Azure/azure-sdk-for-go/pull/26363,dbf60faedce32008c5bf97951f560a54ff1a2ed9,,,SwaggerCommit recomputed (was empty)
SerialConsole,Microsoft.SerialConsole,serialconsole,,,,,ManualReview,specification/serialconsole/resource-manager/Microsoft.SerialConsole/SerialConsole/tspconfig.yaml,7/1/2024,sdk/resourcemanager/serialconsole/armserialconsole,5/1/2018,https://github.com/Azure/azure-sdk-for-go/pull/26364,c0b152702d0cd57a5bd8fbdd44a4f71e7ce734cb,package-2024-07,https://github.com/Azure/azure-sdk-for-go/blob/release-serialconsole-armserialconsole-2.0.0-1774605724/sdk/resourcemanager/serialconsole/armserialconsole/CHANGELOG.md,Manual review: MicrosoftSerialConsoleClient EnableConsole/DisableConsole operations removed; common resource removals are acceptable.
HDInsight,Microsoft.HDInsight,hdinsight,,,,,Done,specification/hdinsight/HDInsight.Management/tspconfig.yaml,2025-01-15-preview,sdk/resourcemanager/hdinsight/armhdinsight,2025-01-15-preview,https://github.com/Azure/azure-sdk-for-go/pull/26365,be7a6608a4bf4adbecf82ec35320bf8c5312a278,,,SwaggerCommit recomputed (was empty)
Compute,Microsoft.Compute,compute,,,,,Done,specification/compute/resource-manager/Microsoft.Compute/Compute/tspconfig.yaml,multiple-service,sdk/resourcemanager/compute/armcompute,2025-04-01,https://github.com/Azure/azure-sdk-for-go/pull/26593,0f03ae6d4107a964b20a48aa87fa520052750bb9,,,SwaggerCommit recomputed (was empty) | Tag sdk/resourcemanager/compute/armcompute/v8.0.0 now exists; promoted from AlreadyTypeSpec.
Subscription,Microsoft.Subscription,subscription,,,,,Done,specification/subscription/resource-manager/Microsoft.Subscription/Subscription/tspconfig.yaml,2025-11-01-preview,sdk/resourcemanager/subscription/armsubscription,10/1/2021,https://github.com/Azure/azure-sdk-for-go/pull/26366,b895cbedbc8033e2b432042981f01f5237ce3360,,,
